date,actual,mean_baseline,rf_sensors_only,repeat_last_hour,rf_sensors_plus_last_hour
2017-08-06 21:00:00,1.73,2.3356,2.1381,2.24,2.2089
2017-08-06 22:00:00,2.37,2.3356,2.3573,1.73,1.765
2017-08-06 23:00:00,1.79,2.3356,1.995,2.37,2.2425
2017-08-07 00:00:00,1.8,2.3356,2.006,1.79,1.8138
2017-08-07 01:00:00,1.8,2.3356,2.3157,1.8,1.904
2017-08-07 02:00:00,1.09,2.3356,2.3311,1.8,2.014
2017-08-07 03:00:00,1.17,2.3356,2.2271,1.09,1.647
2017-08-07 04:00:00,1.04,2.3356,2.2236,1.17,1.8432
2017-08-07 05:00:00,1.55,2.3356,2.1332,1.04,1.736
2017-08-07 06:00:00,0.86,2.3356,2.1782,1.55,1.8113
2017-08-07 07:00:00,1.88,2.3356,2.3,0.86,1.636
2017-08-07 08:00:00,1.59,2.3356,2.1868,1.88,1.9592
2017-08-07 09:00:00,1.16,2.3356,2.2156,1.59,1.9369
2017-08-07 10:00:00,1.19,2.3356,2.206,1.16,1.5702
2017-08-07 11:00:00,0.66,2.3356,2.313,1.19,1.6305
2017-08-07 12:00:00,0.66,2.3356,2.3404,0.66,1.5465
2017-08-07 13:00:00,0.66,2.3356,2.4158,0.66,1.9171
2017-08-07 14:00:00,0.96,2.3356,2.2387,0.66,1.8054
2017-08-07 15:00:00,1.08,2.3356,2.2248,0.96,1.6044
2017-08-07 16:00:00,1.2,2.3356,2.2603,1.08,1.6429
2017-08-07 17:00:00,1.42,2.3356,2.425,1.2,1.5775
2017-08-07 18:00:00,1.13,2.3356,2.5383,1.42,1.9659
2017-08-07 19:00:00,1.58,2.3356,2.2019,1.13,1.6943
2017-08-07 20:00:00,1.82,2.3356,2.2899,1.58,1.7808
2017-08-07 21:00:00,1.25,2.3356,2.2235,1.82,1.8428
2017-08-07 22:00:00,1.92,2.3356,2.2288,1.25,1.9626
2017-08-07 23:00:00,1.7,2.3356,2.3848,1.92,1.9763
2017-08-08 00:00:00,2.39,2.3356,2.1543,1.7,1.9504
2017-08-08 01:00:00,2.27,2.3356,2.2719,2.39,2.1426
2017-08-08 02:00:00,2.42,2.3356,2.3174,2.27,2.336
2017-08-08 03:00:00,2.83,2.3356,2.3757,2.42,2.3921
2017-08-08 04:00:00,4.04,2.3356,2.5292,2.83,2.6106
2017-08-08 05:00:00,4.66,2.3356,2.1542,4.04,3.1583
2017-08-08 06:00:00,4.57,2.3356,2.3521,4.66,4.296
2017-08-08 07:00:00,4.7,2.3356,3.6259,4.57,4.2672
2017-08-08 08:00:00,1.92,2.3356,3.1451,4.7,4.3768
2017-08-08 09:00:00,1.54,2.3356,3.2852,1.92,2.4336
2017-08-08 10:00:00,1.07,2.3356,2.7624,1.54,1.8749
2017-08-08 11:00:00,1.34,2.3356,3.181,1.07,1.6738
2017-08-08 12:00:00,1.18,2.3356,2.3663,1.34,1.7488
2017-08-08 13:00:00,1.06,2.3356,2.6117,1.18,1.5138
2017-08-08 14:00:00,0.91,2.3356,2.6221,1.06,1.5411
2017-08-08 15:00:00,1.02,2.3356,2.3746,0.91,1.6861
2017-08-08 16:00:00,1.02,2.3356,2.518,1.02,1.6367
2017-08-08 17:00:00,0.91,2.3356,2.2959,1.02,1.4647
2017-08-08 18:00:00,1.27,2.3356,2.3703,0.91,1.5546
2017-08-08 19:00:00,1.26,2.3356,2.1454,1.27,1.8018
2017-08-08 20:00:00,1.34,2.3356,2.2435,1.26,1.7252
2017-08-08 21:00:00,1.32,2.3356,2.3392,1.34,1.7742
2017-08-08 22:00:00,1.21,2.3356,2.3071,1.32,1.8432
2017-08-08 23:00:00,1.71,2.3356,2.3189,1.21,1.5776
2017-08-09 00:00:00,2.06,2.3356,2.3023,1.71,2.0021
2017-08-09 01:00:00,3.12,2.3356,2.2776,2.06,2.2239
2017-08-09 02:00:00,2.17,2.3356,2.3219,3.12,2.6764
2017-08-09 03:00:00,2.97,2.3356,2.349,2.17,2.0984
2017-08-09 04:00:00,3.36,2.3356,2.9973,2.97,2.5669
2017-08-09 05:00:00,2.54,2.3356,2.5531,3.36,3.3259
2017-08-09 06:00:00,1.97,2.3356,3.036,2.54,2.5267
2017-08-09 07:00:00,2.6419,2.3356,3.1678,1.97,2.2579
2017-08-09 08:00:00,3.9781,2.3356,3.1438,2.6419,2.5747
2017-08-09 09:00:00,4.65,2.3356,2.4315,3.9781,3.5783
2017-08-09 10:00:00,3.58,2.3356,2.5518,4.65,4.3675
2017-08-09 11:00:00,2.51,2.3356,2.6771,3.58,3.6481
2017-08-09 12:00:00,1.86,2.3356,3.2068,2.51,2.3518
2017-08-09 13:00:00,2.32,2.3356,3.0576,1.86,1.9798
2017-08-09 14:00:00,2.21,2.3356,2.5503,2.32,2.3539
2017-08-09 15:00:00,2.16,2.3356,2.9018,2.21,2.3439
2017-08-09 16:00:00,2.6,2.3356,2.3742,2.16,2.1749
2017-08-09 17:00:00,2.41,2.3356,2.4452,2.6,2.5892
2017-08-09 18:00:00,2.43,2.3356,2.4815,2.41,2.4829
2017-08-09 19:00:00,1.59,2.3356,2.2747,2.43,2.316
2017-08-09 20:00:00,1.54,2.3356,2.2269,1.59,1.8137
2017-08-09 21:00:00,1.49,2.3356,2.4931,1.54,1.9907
2017-08-09 22:00:00,1.56,2.3356,2.6698,1.49,2.017
2017-08-09 23:00:00,1.39,2.3356,2.5641,1.56,1.9947
2017-08-10 00:00:00,1.41,2.3356,2.4127,1.39,1.8852
2017-08-10 01:00:00,1.56,2.3356,2.3515,1.41,1.9713
2017-08-10 02:00:00,2.58,2.3356,2.9287,1.56,2.0957
2017-08-10 03:00:00,2.58,2.3356,2.6917,2.58,2.636
2017-08-10 04:00:00,2.58,2.3356,2.6391,2.58,2.6628
2017-08-10 05:00:00,3.16,2.3356,2.6137,2.58,2.5874
2017-08-10 06:00:00,2.47,2.3356,3.2549,3.16,2.7566
2017-08-10 07:00:00,3.04,2.3356,3.2078,2.47,2.4359
2017-08-10 08:00:00,3.1,2.3356,2.6082,3.04,2.5534
2017-08-10 09:00:00,5.52,2.3356,2.7226,3.1,2.6868
2017-08-10 10:00:00,4.255,2.3356,2.7381,5.52,4.3985
2017-08-10 11:00:00,2.99,2.3356,2.7205,4.255,3.657
2017-08-10 12:00:00,4.14,2.3356,2.9057,2.99,2.6086
2017-08-10 13:00:00,3.8,2.3356,2.6626,4.14,3.6989
2017-08-10 14:00:00,2.62,2.3356,2.5404,3.8,3.6229
2017-08-10 15:00:00,3.03,2.3356,2.5204,2.62,2.5501
2017-08-10 16:00:00,2.18,2.3356,3.3148,3.03,2.6772
2017-08-10 17:00:00,1.72,2.3356,3.0274,2.18,2.2354
2017-08-10 18:00:00,1.66,2.3356,2.3912,1.72,1.9193
2017-08-10 19:00:00,1.41,2.3356,2.3651,1.66,1.9461
2017-08-10 20:00:00,1.47,2.3356,3.1833,1.41,2.1226
2017-08-10 21:00:00,1.57,2.3356,2.9108,1.47,2.0347
2017-08-10 22:00:00,1.56,2.3356,2.5541,1.57,1.9863
2017-08-10 23:00:00,1.33,2.3356,2.7269,1.56,2.0079
2017-08-11 00:00:00,1.05,2.3356,2.3632,1.33,2.0474
2017-08-11 01:00:00,2.87,2.3356,2.3744,1.05,1.6133
2017-08-11 02:00:00,1.71,2.3356,2.5288,2.87,2.4858
2017-08-11 03:00:00,1.22,2.3356,2.5163,1.71,1.9795
2017-08-11 04:00:00,2.29,2.3356,2.4795,1.22,1.7633
2017-08-11 05:00:00,1.27,2.3356,2.296,2.29,2.2676
2017-08-11 06:00:00,1.44,2.3356,2.3485,1.27,1.9468
2017-08-11 07:00:00,1.22,2.3356,2.1817,1.44,1.9566
2017-08-11 08:00:00,2.0,2.3356,2.4148,1.22,1.7785
2017-08-11 09:00:00,2.05,2.3356,2.4423,2.0,2.1147
2017-08-11 10:00:00,1.82,2.3356,2.3603,2.05,2.0946
2017-08-11 11:00:00,1.66,2.3356,2.4882,1.82,2.0854
2017-08-11 12:00:00,1.68,2.3356,2.4314,1.66,2.0444
2017-08-11 13:00:00,1.87,2.3356,2.5899,1.68,2.085
2017-08-11 14:00:00,1.84,2.3356,3.2391,1.87,2.3312
2017-08-11 15:00:00,1.9,2.3356,2.9138,1.84,2.2627
2017-08-11 16:00:00,2.02,2.3356,2.3522,1.9,2.2054
2017-08-11 17:00:00,1.15,2.3356,2.389,2.02,2.2676
2017-08-11 18:00:00,1.3,2.3356,2.6377,1.15,1.6316
2017-08-11 19:00:00,1.01,2.3356,2.3245,1.3,2.0202
2017-08-11 20:00:00,1.35,2.3356,2.4433,1.01,1.5702
2017-08-11 21:00:00,1.29,2.3356,2.3306,1.35,2.013
2017-08-11 22:00:00,1.97,2.3356,2.4038,1.29,2.0361
2017-08-11 23:00:00,1.07,2.3356,2.5966,1.97,2.435
2017-08-12 00:00:00,1.11,2.3356,2.3462,1.07,1.689
2017-08-12 01:00:00,1.36,2.3356,2.3761,1.11,1.6825
2017-08-12 02:00:00,1.14,2.3356,2.3186,1.36,2.0287
2017-08-12 03:00:00,1.03,2.3356,2.3954,1.14,1.6418
2017-08-12 04:00:00,1.02,2.3356,2.3207,1.03,1.6077
2017-08-12 05:00:00,1.18,2.3356,2.3593,1.02,1.5699
2017-08-12 06:00:00,1.25,2.3356,2.3547,1.18,1.6617
2017-08-12 07:00:00,1.2,2.3356,2.5838,1.25,1.9801
2017-08-12 08:00:00,1.33,2.3356,2.4778,1.2,1.7144
2017-08-12 09:00:00,1.29,2.3356,2.6362,1.33,2.1348
2017-08-12 10:00:00,1.51,2.3356,2.1708,1.29,1.9546
2017-08-12 11:00:00,1.25,2.3356,2.3555,1.51,1.9859
2017-08-12 12:00:00,1.42,2.3356,2.2788,1.25,2.0115
2017-08-12 13:00:00,2.29,2.3356,2.2825,1.42,1.9849
2017-08-12 14:00:00,1.92,2.3356,2.1985,2.29,2.3432
2017-08-12 15:00:00,1.31,2.3356,2.3874,1.92,2.3726
2017-08-12 16:00:00,1.25,2.3356,2.7449,1.31,1.9998
2017-08-12 17:00:00,0.74,2.3356,2.1531,1.25,1.7665
2017-08-12 18:00:00,0.6,2.3356,2.2362,0.74,1.5113
2017-08-12 19:00:00,0.75,2.3356,2.2557,0.6,1.4078
2017-08-12 20:00:00,1.15,2.3356,2.1915,0.75,1.3258
2017-08-12 21:00:00,1.45,2.3356,2.336,1.15,1.607
2017-08-12 22:00:00,1.59,2.3356,2.1769,1.45,1.8074
2017-08-12 23:00:00,1.44,2.3356,2.2147,1.59,1.8648
2017-08-13 00:00:00,1.43,2.3356,2.1213,1.44,1.743
2017-08-13 01:00:00,1.17,2.3356,2.2514,1.43,1.7815
2017-08-13 02:00:00,1.16,2.3356,2.4048,1.17,1.4682
2017-08-13 03:00:00,1.3,2.3356,2.2997,1.16,1.4897
2017-08-13 04:00:00,1.88,2.3356,2.1764,1.3,1.7866
2017-08-13 05:00:00,1.69,2.3356,2.2271,1.88,1.9447
2017-08-13 06:00:00,2.82,2.3356,2.2552,1.69,1.8606
2017-08-13 07:00:00,2.44,2.3356,2.2231,2.82,2.4918
2017-08-13 08:00:00,2.95,2.3356,2.2312,2.44,2.2063
2017-08-13 09:00:00,2.95,2.3356,2.2707,2.95,2.7043
2017-08-13 10:00:00,2.85,2.3356,2.134,2.95,2.5198
2017-08-13 11:00:00,2.59,2.3356,2.2081,2.85,2.7492
2017-08-13 12:00:00,2.47,2.3356,2.307,2.59,2.6026
2017-08-13 13:00:00,2.49,2.3356,2.3256,2.47,2.2459
2017-08-13 14:00:00,2.64,2.3356,2.2051,2.49,2.3904
2017-08-13 15:00:00,2.72,2.3356,2.3529,2.64,2.7452
2017-08-13 16:00:00,2.65,2.3356,2.214,2.72,2.5434
2017-08-13 17:00:00,1.79,2.3356,2.349,2.65,2.5357
2017-08-13 18:00:00,1.69,2.3356,2.1348,1.79,1.833
2017-08-13 19:00:00,1.94,2.3356,2.5529,1.69,1.7855
2017-08-13 20:00:00,1.7,2.3356,2.4277,1.94,2.0539
2017-08-13 21:00:00,2.04,2.3356,2.2506,1.7,1.8191
2017-08-13 22:00:00,1.41,2.3356,2.1629,2.04,1.9862
2017-08-13 23:00:00,1.61,2.3356,2.1101,1.41,1.6619
2017-08-14 00:00:00,1.39,2.3356,2.2523,1.61,1.6815
2017-08-14 01:00:00,1.28,2.3356,2.2643,1.39,1.6046
2017-08-14 02:00:00,1.21,2.3356,2.1465,1.28,1.6675
2017-08-14 03:00:00,1.25,2.3356,2.1412,1.21,1.3573
2017-08-14 04:00:00,1.08,2.3356,2.2616,1.25,1.637
2017-08-14 05:00:00,1.11,2.3356,2.2291,1.08,1.3279
2017-08-14 06:00:00,1.07,2.3356,2.21,1.11,1.2931
2017-08-14 07:00:00,1.07,2.3356,2.1407,1.07,1.2872
2017-08-14 08:00:00,1.15,2.3356,2.3201,1.07,1.3071
2017-08-14 09:00:00,1.52,2.3356,2.2969,1.15,1.3163
2017-08-14 10:00:00,2.38,2.3356,2.2214,1.52,1.7084
2017-08-14 11:00:00,1.54,2.3356,2.2929,2.38,2.1683
2017-08-14 12:00:00,1.35,2.3356,2.3818,1.54,1.6694
2017-08-14 13:00:00,1.48,2.3356,2.2519,1.35,1.6742
2017-08-14 14:00:00,1.42,2.3356,2.258,1.48,1.6836
2017-08-14 15:00:00,1.57,2.3356,2.2627,1.42,1.5983
2017-08-14 16:00:00,1.86,2.3356,2.4073,1.57,1.9831
2017-08-14 17:00:00,2.61,2.3356,2.5096,1.86,2.0444
2017-08-14 18:00:00,2.64,2.3356,2.3015,2.61,2.6261
2017-08-14 19:00:00,2.28,2.3356,2.5147,2.64,2.4496
2017-08-14 20:00:00,2.21,2.3356,2.3003,2.28,2.0217
2017-08-14 21:00:00,2.21,2.3356,2.5306,2.21,2.19
2017-08-14 22:00:00,2.21,2.3356,2.4172,2.21,2.1442
2017-08-14 23:00:00,2.21,2.3356,2.5645,2.21,2.1985
2017-08-15 00:00:00,2.21,2.3356,2.4613,2.21,2.1975
2017-08-15 01:00:00,2.21,2.3356,2.0781,2.21,2.042
2017-08-15 02:00:00,2.21,2.3356,2.0931,2.21,2.103
2017-08-15 03:00:00,2.21,2.3356,2.1406,2.21,2.0933
2017-08-15 04:00:00,2.21,2.3356,2.115,2.21,2.0645
2017-08-15 05:00:00,2.21,2.3356,2.101,2.21,2.052
2017-08-15 06:00:00,2.21,2.3356,2.0902,2.21,2.099
2017-08-15 07:00:00,2.21,2.3356,2.1715,2.21,2.1309
2017-08-15 08:00:00,2.21,2.3356,2.4084,2.21,2.053
2017-08-15 09:00:00,1.71,2.3356,2.1509,2.21,2.156
2017-08-15 10:00:00,1.42,2.3356,2.4751,1.71,2.0933
2017-08-15 11:00:00,1.47,2.3356,2.6714,1.42,1.9262
2017-08-15 12:00:00,1.66,2.3356,2.1378,1.47,1.8376
2017-08-15 13:00:00,1.59,2.3356,2.1766,1.66,1.8787
2017-08-15 14:00:00,1.68,2.3356,2.1885,1.59,1.9251
2017-08-15 15:00:00,1.8,2.3356,2.0261,1.68,2.0154
2017-08-15 16:00:00,2.56,2.3356,2.0633,1.8,1.9517
2017-08-15 17:00:00,1.96,2.3356,2.275,2.56,2.3831
2017-08-15 18:00:00,1.72,2.3356,2.1726,1.96,2.1177
2017-08-15 19:00:00,2.47,2.3356,2.1971,1.72,1.8642
2017-08-15 20:00:00,2.28,2.3356,2.2504,2.47,2.1689
2017-08-15 21:00:00,2.74,2.3356,2.1603,2.28,2.1061
2017-08-15 22:00:00,1.46,2.3356,2.687,2.74,2.4544
2017-08-15 23:00:00,1.41,2.3356,2.0202,1.46,1.784
2017-08-16 00:00:00,1.59,2.3356,2.1565,1.41,1.8851
2017-08-16 01:00:00,3.74,2.3356,2.3726,1.59,1.9781
2017-08-16 02:00:00,1.33,2.3356,2.0118,3.74,3.1925
2017-08-16 03:00:00,2.06,2.3356,2.5998,1.33,2.1535
2017-08-16 04:00:00,2.19,2.3356,2.5016,2.06,1.9988
2017-08-16 05:00:00,3.37,2.3356,2.3259,2.19,2.0443
2017-08-16 06:00:00,1.55,2.3356,2.6311,3.37,3.2653
2017-08-16 07:00:00,1.57,2.3356,2.5289,1.55,1.9828
2017-08-16 08:00:00,1.49,2.3356,2.3381,1.57,1.9814
2017-08-16 09:00:00,1.35,2.3356,2.4175,1.49,1.9553
2017-08-16 10:00:00,1.16,2.3356,2.6478,1.35,1.8965
2017-08-16 11:00:00,1.24,2.3356,2.0909,1.16,1.7751
2017-08-16 12:00:00,1.17,2.3356,2.3182,1.24,1.8516
2017-08-16 13:00:00,1.49,2.3356,2.2887,1.17,1.724
2017-08-16 14:00:00,1.37,2.3356,2.3135,1.49,2.0364
2017-08-16 15:00:00,1.14,2.3356,2.184,1.37,1.957
2017-08-16 16:00:00,1.72,2.3356,2.2006,1.14,1.7006
2017-08-16 17:00:00,1.35,2.3356,2.0295,1.72,1.6953
2017-08-16 18:00:00,1.68,2.3356,2.345,1.35,1.4753
2017-08-16 19:00:00,2.06,2.3356,2.0486,1.68,1.6494
2017-08-16 20:00:00,1.51,2.3356,1.672,2.06,1.8921
2017-08-16 21:00:00,1.9,2.3356,1.7579,1.51,1.6611
2017-08-16 22:00:00,2.1,2.3356,1.8501,1.9,2.004
2017-08-16 23:00:00,1.13,2.3356,1.7386,2.1,1.9463
2017-08-17 00:00:00,1.13,2.3356,1.7614,1.13,1.3113
2017-08-17 01:00:00,1.26,2.3356,1.661,1.13,1.2613
2017-08-17 02:00:00,1.19,2.3356,1.904,1.26,1.4469
2017-08-17 03:00:00,1.19,2.3356,1.8626,1.19,1.5323
2017-08-17 04:00:00,1.19,2.3356,1.5446,1.19,1.3788
2017-08-17 05:00:00,1.19,2.3356,1.5826,1.19,1.3252
2017-08-17 06:00:00,1.19,2.3356,1.6225,1.19,1.3554
2017-08-17 07:00:00,1.19,2.3356,1.7026,1.19,1.3611
2017-08-17 08:00:00,1.19,2.3356,2.6146,1.19,1.5836
2017-08-17 09:00:00,1.19,2.3356,3.1819,1.19,1.7198
2017-08-17 10:00:00,1.19,2.3356,2.8706,1.19,1.7739
2017-08-17 11:00:00,1.19,2.3356,2.835,1.19,1.7957
2017-08-17 12:00:00,1.19,2.3356,2.8213,1.19,1.8339
2017-08-17 13:00:00,1.19,2.3356,2.6512,1.19,1.8182
2017-08-17 14:00:00,1.19,2.3356,2.2318,1.19,1.6463
2017-08-17 15:00:00,1.19,2.3356,2.1474,1.19,1.5457
2017-08-17 16:00:00,1.19,2.3356,2.196,1.19,1.468
2017-08-17 17:00:00,1.19,2.3356,1.9785,1.19,1.4549
2017-08-17 18:00:00,1.19,2.3356,1.924,1.19,1.3728
2017-08-17 19:00:00,1.19,2.3356,1.9078,1.19,1.3935
2017-08-17 20:00:00,1.19,2.3356,2.0507,1.19,1.5004
2017-08-17 21:00:00,1.19,2.3356,2.0779,1.19,1.4226
2017-08-17 22:00:00,1.19,2.3356,2.2444,1.19,1.7271
2017-08-17 23:00:00,1.19,2.3356,2.268,1.19,1.7335
2017-08-18 00:00:00,1.19,2.3356,1.9419,1.19,1.4096
2017-08-18 01:00:00,1.19,2.3356,2.0122,1.19,1.617
2017-08-18 02:00:00,1.19,2.3356,2.0943,1.19,1.4309
2017-08-18 03:00:00,1.19,2.3356,1.9334,1.19,1.5957
2017-08-18 04:00:00,1.19,2.3356,1.6394,1.19,1.2866
2017-08-18 05:00:00,1.19,2.3356,1.6755,1.19,1.3301
2017-08-18 06:00:00,5.27,2.3356,2.3009,1.19,1.5972
2017-08-18 07:00:00,2.47,2.3356,1.9992,5.27,4.5793
2017-08-18 08:00:00,1.82,2.3356,1.8578,2.47,1.9877
2017-08-18 09:00:00,1.66,2.3356,2.1979,1.82,1.9685
2017-08-18 10:00:00,1.61,2.3356,2.5497,1.66,1.787
2017-08-18 11:00:00,1.67,2.3356,1.7973,1.61,1.8734
2017-08-18 12:00:00,1.72,2.3356,1.7743,1.67,1.7708
2017-08-18 13:00:00,2.12,2.3356,1.8072,1.72,1.8468
2017-08-18 14:00:00,3.69,2.3356,1.7437,2.12,1.9546
2017-08-18 15:00:00,5.17,2.3356,1.6991,3.69,3.2384
2017-08-18 16:00:00,4.86,2.3356,2.0931,5.17,4.4215
2017-08-18 17:00:00,4.7478,2.3356,2.0314,4.86,4.4355
2017-08-18 18:00:00,4.5246,2.3356,2.0337,4.7478,4.3404
2017-08-18 19:00:00,4.3014,2.3356,2.1345,4.5246,4.3017
2017-08-18 20:00:00,4.0782,2.3356,2.004,4.3014,3.4386
2017-08-18 21:00:00,3.855,2.3356,2.0084,4.0782,2.9528
2017-08-18 22:00:00,3.6318,2.3356,2.5966,3.855,3.5896
2017-08-18 23:00:00,3.4086,2.3356,2.181,3.6318,3.3408
2017-08-19 00:00:00,3.1854,2.3356,2.1998,3.4086,3.1842
2017-08-19 01:00:00,2.9622,2.3356,2.4283,3.1854,2.8624
2017-08-19 02:00:00,2.85,2.3356,3.4292,2.9622,2.7819
2017-08-19 03:00:00,3.58,2.3356,3.039,2.85,2.6812
2017-08-19 04:00:00,2.92,2.3356,3.0033,3.58,3.5455
2017-08-19 05:00:00,2.25,2.3356,2.9289,2.92,2.831
2017-08-19 06:00:00,2.52,2.3356,2.7424,2.25,2.3774
2017-08-19 07:00:00,2.78,2.3356,2.3824,2.52,2.636
2017-08-19 08:00:00,2.51,2.3356,2.4029,2.78,2.3988
2017-08-19 09:00:00,2.21,2.3356,2.8663,2.51,2.4031
2017-08-19 10:00:00,2.13,2.3356,2.9538,2.21,2.246
2017-08-19 11:00:00,2.13,2.3356,2.7527,2.13,2.1029
2017-08-19 12:00:00,2.02,2.3356,2.8623,2.13,2.2187
2017-08-19 13:00:00,1.88,2.3356,2.6865,2.02,2.0816
2017-08-19 14:00:00,4.33,2.3356,2.9249,1.88,2.2118
2017-08-19 15:00:00,3.48,2.3356,2.7982,4.33,4.0611
2017-08-19 16:00:00,3.49,2.3356,2.2602,3.48,3.1647
2017-08-19 17:00:00,4.51,2.3356,2.6334,3.49,3.1422
2017-08-19 18:00:00,5.53,2.3356,2.6101,4.51,4.231
2017-08-19 19:00:00,5.4427,2.3356,2.3863,5.53,4.4361
2017-08-19 20:00:00,5.2691,2.3356,3.0035,5.4427,4.5577
2017-08-19 21:00:00,5.0954,2.3356,2.5698,5.2691,4.3656
2017-08-19 22:00:00,4.9218,2.3356,2.6329,5.0954,4.5556
2017-08-19 23:00:00,4.7482,2.3356,2.5495,4.9218,4.2377
2017-08-20 00:00:00,4.5746,2.3356,2.551,4.7482,4.0992
2017-08-20 01:00:00,4.4009,2.3356,3.3933,4.5746,4.3145
2017-08-20 02:00:00,4.2273,2.3356,2.9334,4.4009,4.1457
2017-08-20 03:00:00,4.14,2.3356,2.6529,4.2273,3.3899
2017-08-20 04:00:00,4.62,2.3356,2.6324,4.14,3.5324
2017-08-20 05:00:00,4.3791,2.3356,2.4338,4.62,4.3382
2017-08-20 06:00:00,3.9,2.3356,2.6244,4.3791,4.0226
2017-08-20 07:00:00,3.4209,2.3356,2.9757,3.9,3.5369
2017-08-20 08:00:00,3.18,2.3356,3.1189,3.4209,3.0441
2017-08-20 09:00:00,3.66,2.3356,2.6765,3.18,2.8884
2017-08-20 10:00:00,2.16,2.3356,2.4477,3.66,3.5648
2017-08-20 11:00:00,2.3,2.3356,2.686,2.16,2.1812
2017-08-20 12:00:00,2.02,2.3356,2.2929,2.3,2.3345
2017-08-20 13:00:00,1.74,2.3356,2.2628,2.02,2.0641
2017-08-20 14:00:00,1.26,2.3356,2.5714,1.74,1.9442
2017-08-20 15:00:00,1.03,2.3356,2.3041,1.26,1.7173
2017-08-20 16:00:00,1.72,2.3356,2.8845,1.03,1.4084
2017-08-20 17:00:00,1.51,2.3356,2.7179,1.72,2.0825
2017-08-20 18:00:00,1.99,2.3356,3.0497,1.51,1.8557
2017-08-20 19:00:00,1.58,2.3356,2.7918,1.99,2.2963
2017-08-20 20:00:00,1.79,2.3356,2.9395,1.58,1.9488
2017-08-20 21:00:00,1.51,2.3356,3.06,1.79,2.0018
2017-08-20 22:00:00,2.17,2.3356,3.0765,1.51,1.7165
2017-08-20 23:00:00,1.87,2.3356,2.5716,2.17,2.2328
2017-08-21 00:00:00,1.33,2.3356,3.2398,1.87,2.3383
2017-08-21 01:00:00,1.2,2.3356,3.4605,1.33,1.9453
2017-08-21 02:00:00,1.24,2.3356,2.4145,1.2,1.365
2017-08-21 03:00:00,1.17,2.3356,2.5905,1.24,1.8372
2017-08-21 04:00:00,1.25,2.3356,2.1752,1.17,1.437
2017-08-21 05:00:00,0.84,2.3356,2.4798,1.25,1.8629
2017-08-21 06:00:00,1.17,2.3356,2.1214,0.84,1.3112
2017-08-21 07:00:00,1.01,2.3356,2.3992,1.17,1.4028
2017-08-21 08:00:00,1.0,2.3356,2.396,1.01,1.4271
2017-08-21 09:00:00,1.93,2.3356,2.0351,1.0,1.2677
2017-08-21 10:00:00,4.35,2.3356,2.2443,1.93,2.0611
2017-08-21 11:00:00,4.25,2.3356,2.3237,4.35,4.2372
2017-08-21 12:00:00,3.87,2.3356,2.1697,4.25,3.6617
2017-08-21 13:00:00,4.57,2.3356,2.3887,3.87,3.4212
2017-08-21 14:00:00,1.89,2.3356,2.3022,4.57,4.4722
2017-08-21 15:00:00,1.61,2.3356,2.9855,1.89,2.1265
2017-08-21 16:00:00,2.17,2.3356,2.3087,1.61,1.8854
2017-08-21 17:00:00,1.29,2.3356,3.593,2.17,2.4751
2017-08-21 18:00:00,1.12,2.3356,3.1378,1.29,1.5296
2017-08-21 19:00:00,1.27,2.3356,3.2393,1.12,1.3911
2017-08-21 20:00:00,1.35,2.3356,3.0844,1.27,1.4439
2017-08-21 21:00:00,1.4,2.3356,2.3847,1.35,1.5463
2017-08-21 22:00:00,0.84,2.3356,3.1905,1.4,1.6727
2017-08-21 23:00:00,1.78,2.3356,2.8299,0.84,1.3747
2017-08-22 00:00:00,1.15,2.3356,2.865,1.78,1.8045
2017-08-22 01:00:00,1.12,2.3356,2.1673,1.15,1.3288
2017-08-22 02:00:00,1.06,2.3356,1.5586,1.12,1.3294
2017-08-22 03:00:00,1.25,2.3356,2.146,1.06,1.4923
2017-08-22 04:00:00,1.4,2.3356,2.1005,1.25,1.4381
2017-08-22 05:00:00,0.94,2.3356,2.2734,1.4,1.7142
2017-08-22 06:00:00,1.43,2.3356,2.0879,0.94,1.3113
2017-08-22 07:00:00,1.11,2.3356,2.168,1.43,1.6986
2017-08-22 08:00:00,1.14,2.3356,2.3236,1.11,1.3105
2017-08-22 09:00:00,1.19,2.3356,2.2677,1.14,1.4652
2017-08-22 10:00:00,1.26,2.3356,2.3293,1.19,1.523
2017-08-22 11:00:00,1.59,2.3356,2.3396,1.26,1.6626
2017-08-22 12:00:00,1.01,2.3356,2.1781,1.59,1.7128
2017-08-22 13:00:00,2.91,2.3356,2.2525,1.01,1.2796
2017-08-22 14:00:00,2.54,2.3356,2.2064,2.91,2.8588
2017-08-22 15:00:00,1.42,2.3356,2.1301,2.54,2.5242
2017-08-22 16:00:00,1.25,2.3356,2.3315,1.42,1.5978
2017-08-22 17:00:00,1.51,2.3356,2.2809,1.25,1.6584
2017-08-22 18:00:00,1.02,2.3356,2.9627,1.51,1.8017
2017-08-22 19:00:00,1.68,2.3356,2.1612,1.02,1.2392
2017-08-22 20:00:00,1.54,2.3356,2.273,1.68,1.8068
2017-08-22 21:00:00,1.37,2.3356,2.1676,1.54,1.7637
2017-08-22 22:00:00,2.44,2.3356,2.2206,1.37,1.5986
2017-08-22 23:00:00,1.47,2.3356,2.196,2.44,2.3552
2017-08-23 00:00:00,3.72,2.3356,2.2053,1.47,1.8127
2017-08-23 01:00:00,3.61,2.3356,2.7336,3.72,3.5579
2017-08-23 02:00:00,2.46,2.3356,2.6852,3.61,3.4842
2017-08-23 03:00:00,2.72,2.3356,2.2256,2.46,2.1372
2017-08-23 04:00:00,1.35,2.3356,2.9946,2.72,2.5071
2017-08-23 05:00:00,1.84,2.3356,2.8739,1.35,1.5533
2017-08-23 06:00:00,2.11,2.3356,3.1934,1.84,2.1804
2017-08-23 07:00:00,1.73,2.3356,2.333,2.11,2.0697
2017-08-23 08:00:00,1.79,2.3356,2.0587,1.73,1.9885
2017-08-23 09:00:00,2.46,2.3356,1.9642,1.79,1.8617
2017-08-23 10:00:00,3.12,2.3356,2.2122,2.46,2.1218
2017-08-23 11:00:00,2.33,2.3356,2.2191,3.12,2.9827
2017-08-23 12:00:00,2.34,2.3356,2.3909,2.33,2.2698
2017-08-23 13:00:00,2.92,2.3356,2.3518,2.34,2.1752
2017-08-23 14:00:00,2.57,2.3356,2.3233,2.92,2.5542
2017-08-23 15:00:00,1.84,2.3356,2.2376,2.57,2.3141
2017-08-23 16:00:00,2.46,2.3356,1.7991,1.84,1.7494
2017-08-23 17:00:00,1.33,2.3356,1.8694,2.46,2.3237
2017-08-23 18:00:00,1.23,2.3356,2.5714,1.33,1.6355
2017-08-23 19:00:00,1.41,2.3356,2.097,1.23,1.6507
2017-08-23 20:00:00,1.25,2.3356,1.9483,1.41,1.7576
2017-08-23 21:00:00,1.21,2.3356,1.9995,1.25,1.6242
2017-08-23 22:00:00,1.23,2.3356,1.957,1.21,1.6779
2017-08-23 23:00:00,1.39,2.3356,1.9186,1.23,1.6647
2017-08-24 00:00:00,1.36,2.3356,1.8725,1.39,1.6346
2017-08-24 01:00:00,1.42,2.3356,1.7157,1.36,1.5729
2017-08-24 02:00:00,1.13,2.3356,1.9636,1.42,1.6858
2017-08-24 03:00:00,1.23,2.3356,1.7168,1.13,1.5229
2017-08-24 04:00:00,1.47,2.3356,1.7612,1.23,1.5091
2017-08-24 05:00:00,1.66,2.3356,1.6318,1.47,1.5482
2017-08-24 06:00:00,1.37,2.3356,1.6498,1.66,1.7799
2017-08-24 07:00:00,1.31,2.3356,1.8921,1.37,2.1904
2017-08-24 08:00:00,1.36,2.3356,2.3945,1.31,2.1839
2017-08-24 09:00:00,1.7,2.3356,1.9285,1.36,2.246
2017-08-24 10:00:00,2.0,2.3356,1.8392,1.7,1.6633
2017-08-24 11:00:00,1.79,2.3356,1.7917,2.0,2.0659
2017-08-24 12:00:00,2.68,2.3356,1.976,1.79,1.7769
2017-08-24 13:00:00,2.93,2.3356,2.1019,2.68,2.3881
2017-08-24 14:00:00,2.2,2.3356,1.8314,2.93,2.3544
2017-08-24 15:00:00,1.79,2.3356,1.9623,2.2,1.9773
2017-08-24 16:00:00,2.27,2.3356,2.0427,1.79,1.9965
2017-08-24 17:00:00,2.12,2.3356,1.9377,2.27,2.1058
2017-08-24 18:00:00,1.79,2.3356,1.9356,2.12,1.9892
2017-08-24 19:00:00,1.38,2.3356,1.9789,1.79,1.918
2017-08-24 20:00:00,1.27,2.3356,1.9006,1.38,1.707
2017-08-24 21:00:00,1.03,2.3356,1.8996,1.27,2.2495
2017-08-24 22:00:00,1.2,2.3356,2.009,1.03,1.2426
2017-08-24 23:00:00,1.44,2.3356,1.9084,1.2,1.5952
2017-08-25 00:00:00,1.26,2.3356,1.9079,1.44,2.2223
2017-08-25 01:00:00,4.13,2.3356,2.2679,1.26,2.2174
2017-08-25 02:00:00,1.4,2.3356,1.9724,4.13,3.4452
2017-08-25 03:00:00,2.28,2.3356,2.4982,1.4,2.3129
2017-08-25 04:00:00,1.31,2.3356,2.6806,2.28,2.1702
2017-08-25 05:00:00,1.56,2.3356,2.4831,1.31,2.3121
2017-08-25 06:00:00,1.34,2.3356,1.9884,1.56,2.0996
2017-08-25 07:00:00,1.38,2.3356,2.0676,1.34,2.2616
2017-08-25 08:00:00,1.27,2.3356,1.9621,1.38,2.1981
2017-08-25 09:00:00,0.87,2.3356,1.9858,1.27,2.1463
2017-08-25 10:00:00,1.25,2.3356,2.1303,0.87,1.3503
2017-08-25 11:00:00,1.21,2.3356,2.4165,1.25,2.0511
2017-08-25 12:00:00,1.21,2.3356,2.0221,1.21,1.3996
2017-08-25 13:00:00,1.21,2.3356,1.8436,1.21,1.3853
2017-08-25 14:00:00,1.21,2.3356,1.869,1.21,1.4148
2017-08-25 15:00:00,1.21,2.3356,2.0344,1.21,1.5575
2017-08-25 16:00:00,3.0,2.3356,2.0983,1.21,1.605
2017-08-25 17:00:00,2.86,2.3356,2.4333,3.0,2.5946
2017-08-25 18:00:00,3.9,2.3356,2.5888,2.86,2.3577
2017-08-25 19:00:00,2.12,2.3356,2.1114,3.9,3.1925
2017-08-25 20:00:00,2.3,2.3356,2.1653,2.12,2.0093
2017-08-25 21:00:00,1.45,2.3356,3.066,2.3,2.394
2017-08-25 22:00:00,0.84,2.3356,2.9481,1.45,2.3339
2017-08-25 23:00:00,1.18,2.3356,2.0741,0.84,1.1775
2017-08-26 00:00:00,1.29,2.3356,2.1414,1.18,1.6239
2017-08-26 01:00:00,3.39,2.3356,2.0869,1.29,2.3128
2017-08-26 02:00:00,1.52,2.3356,1.9309,3.39,3.0622
2017-08-26 03:00:00,1.39,2.3356,1.9732,1.52,2.1031
2017-08-26 04:00:00,2.69,2.3356,2.3018,1.39,2.2298
2017-08-26 05:00:00,1.51,2.3356,1.9555,2.69,2.3901
2017-08-26 06:00:00,2.39,2.3356,2.2908,1.51,2.158
2017-08-26 07:00:00,2.19,2.3356,2.0795,2.39,2.2832
2017-08-26 08:00:00,1.96,2.3356,1.9679,2.19,2.0612
2017-08-26 09:00:00,2.79,2.3356,2.7597,1.96,2.2319
2017-08-26 10:00:00,3.78,2.3356,2.0221,2.79,2.5197
2017-08-26 11:00:00,3.22,2.3356,1.7275,3.78,2.9809
2017-08-26 12:00:00,2.41,2.3356,1.6914,3.22,3.2039
2017-08-26 13:00:00,2.51,2.3356,2.8662,2.41,2.3982
2017-08-26 14:00:00,1.9,2.3356,2.5953,2.51,2.6093
2017-08-26 15:00:00,1.7,2.3356,2.4841,1.9,2.0847
2017-08-26 16:00:00,1.28,2.3356,2.616,1.7,2.082
2017-08-26 17:00:00,1.24,2.3356,1.8151,1.28,2.2342
2017-08-26 18:00:00,1.53,2.3356,2.5704,1.24,2.2536
2017-08-26 19:00:00,2.07,2.3356,2.0708,1.53,2.083
2017-08-26 20:00:00,2.31,2.3356,1.8522,2.07,2.136
2017-08-26 21:00:00,1.81,2.3356,1.704,2.31,2.0617
2017-08-26 22:00:00,1.49,2.3356,1.7694,1.81,1.9523
2017-08-26 23:00:00,1.08,2.3356,1.8037,1.49,2.0807
2017-08-27 00:00:00,1.04,2.3356,1.7781,1.08,1.3822
2017-08-27 01:00:00,1.44,2.3356,2.017,1.04,1.5154
2017-08-27 02:00:00,1.14,2.3356,1.8485,1.44,2.2753
2017-08-27 03:00:00,1.26,2.3356,1.7988,1.14,1.3926
2017-08-27 04:00:00,1.15,2.3356,1.7133,1.26,2.2661
2017-08-27 05:00:00,1.2,2.3356,1.7332,1.15,1.415
2017-08-27 06:00:00,1.26,2.3356,1.7853,1.2,1.4345
2017-08-27 07:00:00,2.54,2.3356,1.5747,1.26,1.6553
2017-08-27 08:00:00,1.14,2.3356,1.6843,2.54,2.2402
2017-08-27 09:00:00,1.67,2.3356,1.9572,1.14,1.3734
2017-08-27 10:00:00,1.69,2.3356,1.5912,1.67,1.7239
2017-08-27 11:00:00,1.59,2.3356,1.8002,1.69,1.8748
2017-08-27 12:00:00,1.45,2.3356,1.5823,1.59,1.7054
2017-08-27 13:00:00,1.42,2.3356,1.7848,1.45,1.5449
2017-08-27 14:00:00,1.59,2.3356,1.7823,1.42,1.5653
2017-08-27 15:00:00,1.75,2.3356,1.8455,1.59,1.7371
2017-08-27 16:00:00,1.79,2.3356,1.9928,1.75,1.8432
2017-08-27 17:00:00,1.84,2.3356,2.0036,1.79,1.7581
2017-08-27 18:00:00,2.24,2.3356,1.8745,1.84,1.7988
2017-08-27 19:00:00,1.3,2.3356,1.881,2.24,1.9751
2017-08-27 20:00:00,1.46,2.3356,1.8739,1.3,2.2713
2017-08-27 21:00:00,1.71,2.3356,1.8714,1.46,2.2775
2017-08-27 22:00:00,1.52,2.3356,1.8724,1.71,1.8809
2017-08-27 23:00:00,1.31,2.3356,1.8101,1.52,2.1477
2017-08-28 00:00:00,1.13,2.3356,1.7218,1.31,2.3252
2017-08-28 01:00:00,1.22,2.3356,1.8508,1.13,1.3849
2017-08-28 02:00:00,2.85,2.3356,1.8923,1.22,1.7177
2017-08-28 03:00:00,3.53,2.3356,1.9087,2.85,2.4943
2017-08-28 04:00:00,2.85,2.3356,2.0029,3.53,3.0896
2017-08-28 05:00:00,1.77,2.3356,2.3561,2.85,2.524
2017-08-28 06:00:00,1.81,2.3356,2.4619,1.77,1.9246
2017-08-28 07:00:00,1.65,2.3356,2.4251,1.81,2.1262
2017-08-28 08:00:00,1.35,2.3356,2.0432,1.65,1.9359
2017-08-28 09:00:00,1.36,2.3356,1.9386,1.35,2.2825
2017-08-28 10:00:00,1.35,2.3356,1.9202,1.36,2.2973
2017-08-28 11:00:00,1.4,2.3356,1.8131,1.35,2.2444
2017-08-28 12:00:00,1.67,2.3356,1.8393,1.4,2.2576
2017-08-28 13:00:00,1.77,2.3356,1.7599,1.67,1.8169
2017-08-28 14:00:00,3.09,2.3356,1.8819,1.77,1.9941
2017-08-28 15:00:00,2.28,2.3356,2.0011,3.09,2.6612
2017-08-28 16:00:00,2.39,2.3356,2.3291,2.28,2.1075
2017-08-28 17:00:00,5.53,2.3356,2.5951,2.39,2.0616
2017-08-28 18:00:00,5.346,2.3356,2.3776,5.53,4.4331
2017-08-28 19:00:00,4.98,2.3356,2.3831,5.346,4.5918
2017-08-28 20:00:00,4.614,2.3356,2.9044,4.98,4.3437
2017-08-28 21:00:00,4.43,2.3356,2.7895,4.614,4.2245
2017-08-28 22:00:00,4.71,2.3356,2.4843,4.43,4.1567
2017-08-28 23:00:00,3.29,2.3356,2.4819,4.71,4.1964
2017-08-29 00:00:00,4.07,2.3356,2.3451,3.29,2.7353
2017-08-29 01:00:00,3.66,2.3356,2.779,4.07,3.4892
2017-08-29 02:00:00,3.77,2.3356,3.1641,3.66,3.2937
2017-08-29 03:00:00,4.06,2.3356,2.9079,3.77,3.2424
2017-08-29 04:00:00,4.05,2.3356,2.8587,4.06,3.2132
2017-08-29 05:00:00,3.95,2.3356,2.9973,4.05,3.3245
2017-08-29 06:00:00,2.55,2.3356,3.1799,3.95,3.242
2017-08-29 07:00:00,2.82,2.3356,2.5296,2.55,2.2646
2017-08-29 08:00:00,2.58,2.3356,2.594,2.82,2.5356
2017-08-29 09:00:00,3.62,2.3356,2.3474,2.58,2.3304
2017-08-29 10:00:00,3.87,2.3356,2.4309,3.62,3.313
2017-08-29 11:00:00,3.87,2.3356,2.2029,3.87,3.4861
2017-08-29 12:00:00,3.87,2.3356,2.3474,3.87,3.5559
2017-08-29 13:00:00,1.63,2.3356,3.0847,3.87,3.6687
2017-08-29 14:00:00,1.29,2.3356,2.2563,1.63,2.0952
2017-08-29 15:00:00,1.58,2.3356,2.5436,1.29,2.3956
2017-08-29 16:00:00,1.57,2.3356,2.1682,1.58,2.187
2017-08-29 17:00:00,2.85,2.3356,2.2575,1.57,2.0279
2017-08-29 18:00:00,2.04,2.3356,2.1595,2.85,2.6124
2017-08-29 19:00:00,2.09,2.3356,2.7656,2.04,2.2056
2017-08-29 20:00:00,3.07,2.3356,1.897,2.09,2.0193
2017-08-29 21:00:00,3.89,2.3356,2.003,3.07,2.825
2017-08-29 22:00:00,2.97,2.3356,2.2209,3.89,3.2381
2017-08-29 23:00:00,4.68,2.3356,2.1312,2.97,2.6426
2017-08-30 00:00:00,2.72,2.3356,2.0285,4.68,4.3697
2017-08-30 01:00:00,4.04,2.3356,2.1165,2.72,2.3721
2017-08-30 02:00:00,4.99,2.3356,2.3162,4.04,3.451
2017-08-30 03:00:00,5.08,2.3356,2.5666,4.99,4.2883
2017-08-30 04:00:00,4.26,2.3356,2.0092,5.08,4.3387
2017-08-30 05:00:00,4.43,2.3356,2.7503,4.26,3.4462
2017-08-30 06:00:00,4.4459,2.3356,2.7255,4.43,3.7965
2017-08-30 07:00:00,4.4775,2.3356,3.0635,4.4459,4.2947
2017-08-30 08:00:00,4.5092,2.3356,2.1611,4.4775,4.1832
2017-08-30 09:00:00,4.5408,2.3356,2.3614,4.5092,4.2424
2017-08-30 10:00:00,4.5725,2.3356,2.5682,4.5408,4.2723
2017-08-30 11:00:00,4.6041,2.3356,2.6031,4.5725,4.25
2017-08-30 12:00:00,4.62,2.3356,2.5343,4.6041,4.3036
2017-08-30 13:00:00,5.06,2.3356,2.6849,4.62,4.4581
2017-08-30 14:00:00,3.5,2.3356,2.7332,5.06,4.2467
2017-08-30 15:00:00,4.61,2.3356,2.7819,3.5,3.177
2017-08-30 16:00:00,4.14,2.3356,2.5217,4.61,4.3958
2017-08-30 17:00:00,4.07,2.3356,2.4061,4.14,3.6498
2017-08-30 18:00:00,4.79,2.3356,2.1515,4.07,3.6382
2017-08-30 19:00:00,3.88,2.3356,3.0398,4.79,4.153
2017-08-30 20:00:00,3.9081,2.3356,3.0549,3.88,3.4666
2017-08-30 21:00:00,3.9641,2.3356,3.1301,3.9081,3.5308
2017-08-30 22:00:00,4.02,2.3356,2.852,3.9641,3.2825
2017-08-30 23:00:00,4.0759,2.3356,2.6136,4.02,3.5211
2017-08-31 00:00:00,4.1319,2.3356,2.6394,4.0759,3.4616
2017-08-31 01:00:00,4.16,2.3356,2.7194,4.1319,3.5159
2017-08-31 02:00:00,2.49,2.3356,2.3929,4.16,3.5341
2017-08-31 03:00:00,2.67,2.3356,2.8299,2.49,2.402
2017-08-31 04:00:00,4.07,2.3356,2.5074,2.67,2.2719
2017-08-31 05:00:00,2.38,2.3356,2.5103,4.07,3.5422
2017-08-31 06:00:00,1.26,2.3356,2.5498,2.38,2.4796
2017-08-31 07:00:00,1.76,2.3356,2.9901,1.26,1.964
2017-08-31 08:00:00,1.89,2.3356,2.5048,1.76,2.0939
2017-08-31 09:00:00,1.31,2.3356,2.4467,1.89,2.3637
2017-08-31 10:00:00,1.47,2.3356,2.4387,1.31,1.867
2017-08-31 11:00:00,2.09,2.3356,2.4627,1.47,2.0507
2017-08-31 12:00:00,1.29,2.3356,2.3612,2.09,2.4221
2017-08-31 13:00:00,2.77,2.3356,2.5036,1.29,2.1397
2017-08-31 14:00:00,1.63,2.3356,3.4392,2.77,2.7552
2017-08-31 15:00:00,1.53,2.3356,3.1494,1.63,2.1344
2017-08-31 16:00:00,1.54,2.3356,3.3081,1.53,2.3062
2017-08-31 17:00:00,1.97,2.3356,3.6251,1.54,2.3334
2017-08-31 18:00:00,2.14,2.3356,3.2485,1.97,2.2153
2017-08-31 19:00:00,2.54,2.3356,3.6267,2.14,2.3806
2017-08-31 20:00:00,2.57,2.3356,2.8406,2.54,2.5121
2017-08-31 21:00:00,3.53,2.3356,3.3812,2.57,2.7112
2017-08-31 22:00:00,4.12,2.3356,3.5958,3.53,3.1686
2017-08-31 23:00:00,3.66,2.3356,3.6387,4.12,3.5937
2017-09-01 00:00:00,4.96,2.3356,2.9931,3.66,3.3736
2017-09-01 01:00:00,4.8973,2.3356,3.7809,4.96,4.2803
2017-09-01 02:00:00,4.7727,2.3356,3.6196,4.8973,4.4753
2017-09-01 03:00:00,4.71,2.3356,3.1687,4.7727,4.1436
2017-09-01 04:00:00,4.18,2.3356,2.9313,4.71,4.1073
2017-09-01 05:00:00,3.18,2.3356,3.6814,4.18,3.8457
2017-09-01 06:00:00,1.4,2.3356,3.0832,3.18,2.8413
2017-09-01 07:00:00,0.94,2.3356,3.3205,1.4,2.0946
2017-09-01 08:00:00,1.58,2.3356,3.2014,0.94,1.7556
2017-09-01 09:00:00,3.75,2.3356,3.146,1.58,2.241
2017-09-01 10:00:00,3.2,2.3356,2.6259,3.75,3.595
2017-09-01 11:00:00,2.55,2.3356,3.3872,3.2,3.0345
2017-09-01 12:00:00,2.58,2.3356,3.3592,2.55,2.6559
2017-09-01 13:00:00,2.69,2.3356,3.4293,2.58,2.6494
2017-09-01 14:00:00,1.84,2.3356,3.4062,2.69,2.7127
2017-09-01 15:00:00,2.3,2.3356,3.432,1.84,2.3132
2017-09-01 16:00:00,1.72,2.3356,3.3917,2.3,2.397
2017-09-01 17:00:00,1.41,2.3356,3.0339,1.72,1.9861
2017-09-01 18:00:00,1.41,2.3356,2.9961,1.41,2.0847
2017-09-01 19:00:00,5.3,2.3356,2.2329,1.41,2.1062
2017-09-01 20:00:00,2.94,2.3356,2.7343,5.3,4.4328
2017-09-01 21:00:00,1.96,2.3356,2.7117,2.94,2.6825
2017-09-01 22:00:00,1.24,2.3356,2.6724,1.96,2.1078
2017-09-01 23:00:00,1.6,2.3356,2.8138,1.24,2.0156
2017-09-02 00:00:00,1.15,2.3356,2.4897,1.6,1.9046
2017-09-02 01:00:00,1.94,2.3356,2.8973,1.15,1.8729
2017-09-02 02:00:00,1.65,2.3356,2.3782,1.94,2.1134
2017-09-02 03:00:00,4.39,2.3356,2.8832,1.65,2.1082
2017-09-02 04:00:00,4.5406,2.3356,2.3858,4.39,3.9618
2017-09-02 05:00:00,4.84,2.3356,2.6384,4.5406,4.0659
2017-09-02 06:00:00,5.1394,2.3356,2.2947,4.84,3.9913
2017-09-02 07:00:00,5.29,2.3356,2.8433,5.1394,4.103
2017-09-02 08:00:00,2.94,2.3356,2.8595,5.29,4.2214
2017-09-02 09:00:00,3.98,2.3356,3.1226,2.94,2.6097
2017-09-02 10:00:00,4.44,2.3356,2.876,3.98,3.4062
2017-09-02 11:00:00,2.47,2.3356,3.0224,4.44,4.0585
2017-09-02 12:00:00,2.15,2.3356,2.7355,2.47,2.3727
2017-09-02 13:00:00,1.25,2.3356,2.545,2.15,2.1523
2017-09-02 14:00:00,1.24,2.3356,2.2534,1.25,1.7956
2017-09-02 15:00:00,1.22,2.3356,2.5576,1.24,2.2435
2017-09-02 16:00:00,1.33,2.3356,2.6806,1.22,1.8288
2017-09-02 17:00:00,1.73,2.3356,2.7125,1.33,1.7251
2017-09-02 18:00:00,1.31,2.3356,3.0015,1.73,2.0882
2017-09-02 19:00:00,1.51,2.3356,2.9686,1.31,1.8348
2017-09-02 20:00:00,1.41,2.3356,2.4108,1.51,1.8568
2017-09-02 21:00:00,1.42,2.3356,2.4532,1.41,1.7826
2017-09-02 22:00:00,1.07,2.3356,2.4375,1.42,2.4776
2017-09-02 23:00:00,1.0,2.3356,2.3081,1.07,1.74
2017-09-03 00:00:00,1.09,2.3356,2.2963,1.0,1.7728
2017-09-03 01:00:00,1.22,2.3356,3.0913,1.09,1.8604
2017-09-03 02:00:00,1.57,2.3356,2.9331,1.22,1.7942
2017-09-03 03:00:00,3.47,2.3356,2.9808,1.57,2.0138
2017-09-03 04:00:00,4.44,2.3356,3.023,3.47,3.0821
2017-09-03 05:00:00,4.69,2.3356,3.2637,4.44,4.0168
2017-09-03 06:00:00,2.01,2.3356,2.6179,4.69,4.3347
2017-09-03 07:00:00,2.31,2.3356,3.5058,2.01,2.3134
2017-09-03 08:00:00,3.03,2.3356,3.1234,2.31,2.4498
2017-09-03 09:00:00,3.71,2.3356,3.1663,3.03,2.9701
2017-09-03 10:00:00,3.93,2.3356,3.1478,3.71,3.616
2017-09-03 11:00:00,3.47,2.3356,3.3244,3.93,3.7188
2017-09-03 12:00:00,3.16,2.3356,2.9518,3.47,3.0892
2017-09-03 13:00:00,2.58,2.3356,2.9776,3.16,3.0281
2017-09-03 14:00:00,3.95,2.3356,2.7472,2.58,2.4761
2017-09-03 15:00:00,1.96,2.3356,3.0301,3.95,3.4567
2017-09-03 16:00:00,1.66,2.3356,3.4758,1.96,2.3261
2017-09-03 17:00:00,1.76,2.3356,3.276,1.66,2.0017
2017-09-03 18:00:00,3.02,2.3356,3.0717,1.76,2.0533
2017-09-03 19:00:00,2.7,2.3356,2.695,3.02,2.812
2017-09-03 20:00:00,2.25,2.3356,2.5488,2.7,2.6939
2017-09-03 21:00:00,3.49,2.3356,2.4513,2.25,2.2595
2017-09-03 22:00:00,4.77,2.3356,2.131,3.49,2.9605
2017-09-03 23:00:00,3.93,2.3356,2.5845,4.77,4.0924
2017-09-04 00:00:00,4.87,2.3356,3.4285,3.93,3.4996
2017-09-04 01:00:00,4.68,2.3356,2.3899,4.87,4.2436
2017-09-04 02:00:00,3.83,2.3356,3.0035,4.68,4.2099
2017-09-04 03:00:00,3.74,2.3356,2.9393,3.83,3.319
2017-09-04 04:00:00,2.73,2.3356,2.352,3.74,3.2254
2017-09-04 05:00:00,2.72,2.3356,3.1835,2.73,2.5054
2017-09-04 06:00:00,3.0,2.3356,2.453,2.72,2.5385
2017-09-04 07:00:00,2.83,2.3356,2.8512,3.0,2.8011
2017-09-04 08:00:00,2.83,2.3356,2.5411,2.83,2.7749
2017-09-04 09:00:00,2.83,2.3356,2.9376,2.83,2.7457
2017-09-04 10:00:00,2.14,2.3356,2.6927,2.83,2.8265
2017-09-04 11:00:00,2.71,2.3356,2.7556,2.14,2.2517
2017-09-04 12:00:00,2.7,2.3356,2.9251,2.71,2.6389
2017-09-04 13:00:00,2.47,2.3356,2.7062,2.7,2.5787
2017-09-04 14:00:00,2.9,2.3356,3.2261,2.47,2.4412
2017-09-04 15:00:00,2.3,2.3356,2.4334,2.9,2.623
2017-09-04 16:00:00,2.25,2.3356,2.4038,2.3,2.3234
2017-09-04 17:00:00,2.08,2.3356,2.4186,2.25,2.3175
2017-09-04 18:00:00,2.63,2.3356,2.1931,2.08,2.1809
2017-09-04 19:00:00,2.41,2.3356,2.8869,2.63,2.4948
2017-09-04 20:00:00,4.89,2.3356,2.0708,2.41,2.396
2017-09-04 21:00:00,4.08,2.3356,2.7705,4.89,4.1457
2017-09-04 22:00:00,4.89,2.3356,2.3826,4.08,3.4445
2017-09-04 23:00:00,4.8606,2.3356,2.725,4.89,4.357
2017-09-05 00:00:00,4.8021,2.3356,2.6,4.8606,4.3599
2017-09-05 01:00:00,4.7436,2.3356,2.5202,4.8021,4.2292
2017-09-05 02:00:00,4.6851,2.3356,2.9258,4.7436,4.349
2017-09-05 03:00:00,4.6266,2.3356,2.7742,4.6851,4.2697
2017-09-05 04:00:00,4.5681,2.3356,2.6081,4.6266,4.2765
2017-09-05 05:00:00,4.5095,2.3356,2.5024,4.5681,4.399
2017-09-05 06:00:00,4.451,2.3356,2.4588,4.5095,4.5198
2017-09-05 07:00:00,4.3925,2.3356,3.5505,4.451,4.485
2017-09-05 08:00:00,4.334,2.3356,4.189,4.3925,4.3262
2017-09-05 09:00:00,4.2755,2.3356,4.1123,4.334,4.3059
2017-09-05 10:00:00,4.217,2.3356,4.1414,4.2755,3.8909
2017-09-05 11:00:00,4.1585,2.3356,4.1698,4.217,3.8831
2017-09-05 12:00:00,4.1,2.3356,4.1475,4.1585,3.9261
2017-09-05 13:00:00,4.0415,2.3356,4.0438,4.1,3.8173
2017-09-05 14:00:00,3.983,2.3356,3.9192,4.0415,3.7889
2017-09-05 15:00:00,3.9245,2.3356,3.9694,3.983,3.7432
2017-09-05 16:00:00,3.866,2.3356,2.647,3.9245,3.7205
2017-09-05 17:00:00,3.8075,2.3356,2.5142,3.866,3.3818
2017-09-05 18:00:00,3.749,2.3356,2.0889,3.8075,3.3424
2017-09-05 19:00:00,3.6905,2.3356,3.1326,3.749,3.449
2017-09-05 20:00:00,3.6319,2.3356,3.1417,3.6905,3.3815
2017-09-05 21:00:00,3.5734,2.3356,3.3172,3.6319,3.3457
2017-09-05 22:00:00,3.5149,2.3356,3.4117,3.5734,3.531
2017-09-05 23:00:00,3.4564,2.3356,3.1086,3.5149,3.457
2017-09-06 00:00:00,3.3979,2.3356,3.6349,3.4564,3.447
2017-09-06 01:00:00,3.3394,2.3356,3.5064,3.3979,3.17
2017-09-06 02:00:00,3.31,2.3356,2.4142,3.3394,2.7568
2017-09-06 03:00:00,3.11,2.3356,2.2906,3.31,2.7741
2017-09-06 04:00:00,3.57,2.3356,2.8906,3.11,2.9362
2017-09-06 05:00:00,4.11,2.3356,3.7885,3.57,3.1887
2017-09-06 06:00:00,2.8,2.3356,3.2829,4.11,3.403
2017-09-06 07:00:00,2.59,2.3356,2.6715,2.8,2.4463
2017-09-06 08:00:00,1.64,2.3356,2.7524,2.59,2.4757
2017-09-06 09:00:00,1.83,2.3356,2.3442,1.64,2.0978
2017-09-06 10:00:00,1.82,2.3356,2.2962,1.83,2.3658
2017-09-06 11:00:00,1.73,2.3356,2.3582,1.82,2.2315
2017-09-06 12:00:00,1.3,2.3356,2.2973,1.73,2.2214
2017-09-06 13:00:00,1.6,2.3356,2.4726,1.3,2.0785
2017-09-06 14:00:00,1.29,2.3356,2.2107,1.6,2.2533
2017-09-06 15:00:00,1.49,2.3356,2.2079,1.29,2.3398
2017-09-06 16:00:00,1.71,2.3356,2.1689,1.49,2.2905
2017-09-06 17:00:00,1.78,2.3356,2.1616,1.71,2.1914
2017-09-06 18:00:00,1.78,2.3356,2.8014,1.78,2.3988
2017-09-06 19:00:00,2.99,2.3356,3.1942,1.78,2.0976
2017-09-06 20:00:00,2.74,2.3356,2.8861,2.99,2.7422
2017-09-06 21:00:00,2.48,2.3356,2.9937,2.74,2.8541
2017-09-06 22:00:00,2.24,2.3356,2.9752,2.48,2.6249
2017-09-06 23:00:00,1.5,2.3356,3.2844,2.24,2.5207
2017-09-07 00:00:00,1.7,2.3356,3.1568,1.5,1.981
2017-09-07 01:00:00,1.84,2.3356,3.0373,1.7,2.2466
2017-09-07 02:00:00,1.7,2.3356,2.2595,1.84,2.2398
2017-09-07 03:00:00,3.01,2.3356,2.35,1.7,1.9385
2017-09-07 04:00:00,2.57,2.3356,2.6562,3.01,2.6093
2017-09-07 05:00:00,1.76,2.3356,2.4555,2.57,2.4716
2017-09-07 06:00:00,1.49,2.3356,2.7447,1.76,2.0032
2017-09-07 07:00:00,1.49,2.3356,3.1805,1.49,2.0645
2017-09-07 08:00:00,1.54,2.3356,2.7289,1.49,1.9413
2017-09-07 09:00:00,1.57,2.3356,2.7108,1.54,1.9106
2017-09-07 10:00:00,2.41,2.3356,2.2202,1.57,2.1268
2017-09-07 11:00:00,1.85,2.3356,2.846,2.41,2.6111
2017-09-07 12:00:00,2.23,2.3356,2.7693,1.85,2.284
2017-09-07 13:00:00,2.47,2.3356,1.9907,2.23,2.4419
2017-09-07 14:00:00,2.66,2.3356,2.9687,2.47,2.7245
2017-09-07 15:00:00,2.46,2.3356,3.0516,2.66,2.8127
2017-09-07 16:00:00,1.98,2.3356,2.6872,2.46,2.5632
2017-09-07 17:00:00,2.15,2.3356,2.5504,1.98,2.3337
2017-09-07 18:00:00,1.9,2.3356,2.4956,2.15,2.3433
2017-09-07 19:00:00,2.05,2.3356,2.5721,1.9,2.3364
2017-09-07 20:00:00,1.72,2.3356,2.4479,2.05,2.1967
2017-09-07 21:00:00,1.44,2.3356,2.3478,1.72,2.0509
2017-09-07 22:00:00,1.36,2.3356,2.3895,1.44,1.9044
2017-09-07 23:00:00,1.21,2.3356,2.5037,1.36,2.1656
2017-09-08 00:00:00,1.26,2.3356,2.198,1.21,1.3903
2017-09-08 01:00:00,1.66,2.3356,3.1835,1.26,2.2872
2017-09-08 02:00:00,1.91,2.3356,3.4708,1.66,2.293
2017-09-08 03:00:00,2.22,2.3356,3.2711,1.91,2.3661
2017-09-08 04:00:00,1.77,2.3356,2.5064,2.22,2.2653
2017-09-08 05:00:00,1.61,2.3356,1.6906,1.77,1.7438
2017-09-08 06:00:00,1.74,2.3356,1.6277,1.61,1.6008
2017-09-08 07:00:00,1.99,2.3356,1.7129,1.74,1.7863
2017-09-08 08:00:00,1.79,2.3356,2.2274,1.99,2.0689
2017-09-08 09:00:00,2.53,2.3356,2.2546,1.79,1.879
2017-09-08 10:00:00,2.05,2.3356,1.9908,2.53,2.3618
2017-09-08 11:00:00,1.65,2.3356,1.7716,2.05,2.0826
2017-09-08 12:00:00,1.42,2.3356,2.2713,1.65,1.8884
2017-09-08 13:00:00,1.65,2.3356,2.0295,1.42,1.7445
2017-09-08 14:00:00,2.13,2.3356,1.6736,1.65,1.7299
2017-09-08 15:00:00,1.84,2.3356,1.598,2.13,2.062
2017-09-08 16:00:00,2.4,2.3356,1.7679,1.84,2.0129
2017-09-08 17:00:00,1.56,2.3356,1.7531,2.4,2.2432
2017-09-08 18:00:00,1.25,2.3356,1.8456,1.56,1.961
2017-09-08 19:00:00,1.33,2.3356,1.905,1.25,2.1097
2017-09-08 20:00:00,1.5,2.3356,1.7662,1.33,1.7422
2017-09-08 21:00:00,2.94,2.3356,1.8847,1.5,1.5658
2017-09-08 22:00:00,4.1,2.3356,1.7259,2.94,2.3689
2017-09-08 23:00:00,1.57,2.3356,1.7359,4.1,3.1334
2017-09-09 00:00:00,4.18,2.3356,1.7591,1.57,1.6083
2017-09-09 01:00:00,3.24,2.3356,2.4173,4.18,3.1952
2017-09-09 02:00:00,2.34,2.3356,2.3057,3.24,2.6069
2017-09-09 03:00:00,3.07,2.3356,2.3966,2.34,2.1362
2017-09-09 04:00:00,3.12,2.3356,2.4067,3.07,2.5753
2017-09-09 05:00:00,3.26,2.3356,2.3184,3.12,2.5645
2017-09-09 06:00:00,1.93,2.3356,2.2758,3.26,2.8208
2017-09-09 07:00:00,2.23,2.3356,2.0479,1.93,2.0441
2017-09-09 08:00:00,2.15,2.3356,2.1754,2.23,2.0375
2017-09-09 09:00:00,2.3,2.3356,2.3083,2.15,2.1932
2017-09-09 10:00:00,2.27,2.3356,2.0476,2.3,2.0367
2017-09-09 11:00:00,1.7,2.3356,2.1344,2.27,2.1368
2017-09-09 12:00:00,2.52,2.3356,1.9407,1.7,1.7684
2017-09-09 13:00:00,2.45,2.3356,1.9395,2.52,2.3137
2017-09-09 14:00:00,2.87,2.3356,1.8595,2.45,2.2623
2017-09-09 15:00:00,2.46,2.3356,2.0806,2.87,2.4054
2017-09-09 16:00:00,2.36,2.3356,2.606,2.46,2.4326
2017-09-09 17:00:00,2.74,2.3356,2.256,2.36,2.2272
2017-09-09 18:00:00,1.83,2.3356,2.4607,2.74,2.3918
2017-09-09 19:00:00,1.65,2.3356,2.3585,1.83,2.0082
2017-09-09 20:00:00,1.71,2.3356,2.3242,1.65,2.1791
2017-09-09 21:00:00,1.8,2.3356,2.5544,1.71,1.9018
2017-09-09 22:00:00,1.96,2.3356,2.3969,1.8,1.9813
2017-09-09 23:00:00,1.71,2.3356,2.4629,1.96,2.1684
